Datetime,Water Level (m)
2026-02-19 00:00:00,-0.1293952
2026-02-19 01:00:00,-0.33076167
2026-02-19 02:00:00,-0.50960463
2026-02-19 03:00:00,-0.6561442
2026-02-19 04:00:00,-0.7563436
2026-02-19 05:00:00,-0.5312996
2026-02-19 06:00:00,-0.15852116
2026-02-19 07:00:00,0.20275584
2026-02-19 08:00:00,0.45970604
2026-02-19 09:00:00,0.5400765
2026-02-19 10:00:00,0.3561738
2026-02-19 11:00:00,0.07928937
2026-02-19 12:00:00,-0.15521644
2026-02-19 13:00:00,-0.35550356
2026-02-19 14:00:00,-0.53091854
2026-02-19 15:00:00,-0.6746234
2026-02-19 16:00:00,-0.7625516
2026-02-19 17:00:00,-0.46568006
2026-02-19 18:00:00,-0.08875514
2026-02-19 19:00:00,0.29084867
2026-02-19 20:00:00,0.5723652
2026-02-19 21:00:00,0.672512
2026-02-19 22:00:00,0.50582546
2026-02-19 23:00:00,0.20864783
2026-02-20 00:00:00,-0.048367534
2026-02-20 01:00:00,-0.25942343
2026-02-20 02:00:00,-0.44679993
2026-02-20 03:00:00,-0.6066101
2026-02-20 04:00:00,-0.74193835
2026-02-20 05:00:00,-0.7565013
2026-02-20 06:00:00,-0.35446697
2026-02-20 07:00:00,0.0313902
2026-02-20 08:00:00,0.3478571
2026-02-20 09:00:00,0.53493595
2026-02-20 10:00:00,0.4886576
2026-02-20 11:00:00,0.22794093
2026-02-20 12:00:00,-0.03009681
2026-02-20 13:00:00,-0.24182618
2026-02-20 14:00:00,-0.43165228
2026-02-20 15:00:00,-0.5868733
2026-02-20 16:00:00,-0.7145937
2026-02-20 17:00:00,-0.70819545
2026-02-20 18:00:00,-0.32060838
2026-02-20 19:00:00,0.07175923
2026-02-20 20:00:00,0.40635398
2026-02-20 21:00:00,0.6236392
2026-02-20 22:00:00,0.6135534
2026-02-20 23:00:00,0.34922785
2026-02-21 00:00:00,0.07000589
2026-02-21 01:00:00,-0.16117227
2026-02-21 02:00:00,-0.36075655
2026-02-21 03:00:00,-0.53432786
2026-02-21 04:00:00,-0.6810555
2026-02-21 05:00:00,-0.78399396
2026-02-21 06:00:00,-0.5558192
2026-02-21 07:00:00,-0.18248194
2026-02-21 08:00:00,0.18330115
2026-02-21 09:00:00,0.45463067
2026-02-21 10:00:00,0.5702457
2026-02-21 11:00:00,0.4422641
2026-02-21 12:00:00,0.16985728
2026-02-21 13:00:00,-0.07696006
2026-02-21 14:00:00,-0.27875304
2026-02-21 15:00:00,-0.4562557
2026-02-21 16:00:00,-0.60076445
2026-02-21 17:00:00,-0.69958603
2026-02-21 18:00:00,-0.48950458
2026-02-21 19:00:00,-0.12945922
2026-02-21 20:00:00,0.22854187
2026-02-21 21:00:00,0.49292344
2026-02-21 22:00:00,0.6078167
2026-02-21 23:00:00,0.4754865
2026-02-22 00:00:00,0.19313233
2026-02-22 01:00:00,-0.059015002
2026-02-22 02:00:00,-0.2663646
2026-02-22 03:00:00,-0.45038357
2026-02-22 04:00:00,-0.6067182
2026-02-22 05:00:00,-0.73615605
2026-02-22 06:00:00,-0.75198334
2026-02-22 07:00:00,-0.3959564
2026-02-22 08:00:00,-0.03995876
2026-02-22 09:00:00,0.27982998
2026-02-22 10:00:00,0.4948094
2026-02-22 11:00:00,0.5356752
2026-02-22 12:00:00,0.34975752
2026-02-22 13:00:00,0.09111183
2026-02-22 14:00:00,-0.13277026
2026-02-22 15:00:00,-0.3176667
2026-02-22 16:00:00,-0.47826448
2026-02-22 17:00:00,-0.6027583
2026-02-22 18:00:00,-0.61556685
2026-02-22 19:00:00,-0.293367
2026-02-22 20:00:00,0.03863939
2026-02-22 21:00:00,0.32174352
2026-02-22 22:00:00,0.50073427
2026-02-22 23:00:00,0.49823055
2026-02-23 00:00:00,0.27628666
2026-02-23 01:00:00,0.021180797
2026-02-23 02:00:00,-0.19396156
2026-02-23 03:00:00,-0.38446218
2026-02-23 04:00:00,-0.548541
2026-02-23 05:00:00,-0.6844773
2026-02-23 06:00:00,-0.78007185
2026-02-23 07:00:00,-0.62066925
2026-02-23 08:00:00,-0.2988602
2026-02-23 09:00:00,0.02933645
2026-02-23 10:00:00,0.28974515
2026-02-23 11:00:00,0.45155632
2026-02-23 12:00:00,0.4486047
2026-02-23 13:00:00,0.25043383
2026-02-23 14:00:00,0.011349975
2026-02-23 15:00:00,-0.19068998
2026-02-23 16:00:00,-0.36497098
2026-02-23 17:00:00,-0.50763
2026-02-23 18:00:00,-0.6041757
2026-02-23 19:00:00,-0.5396845
2026-02-23 20:00:00,-0.25845805
2026-02-23 21:00:00,0.014372713
2026-02-23 22:00:00,0.21489833
2026-02-23 23:00:00,0.31212923
2026-02-24 00:00:00,0.25108552
2026-02-24 01:00:00,0.041327614
2026-02-24 02:00:00,-0.16883652
2026-02-24 03:00:00,-0.3555965
2026-02-24 04:00:00,-0.5202015
2026-02-24 05:00:00,-0.657344
2026-02-24 06:00:00,-0.77013075
2026-02-24 07:00:00,-0.80769813
2026-02-24 08:00:00,-0.5789802
2026-02-24 09:00:00,-0.3009605
2026-02-24 10:00:00,-0.022802161
2026-02-24 11:00:00,0.19024305
2026-02-24 12:00:00,0.31817782
2026-02-24 13:00:00,0.31096432
2026-02-24 14:00:00,0.1396089
2026-02-24 15:00:00,-0.068577826
2026-02-24 16:00:00,-0.24731013
2026-02-24 17:00:00,-0.40060535
2026-02-24 18:00:00,-0.5222653
2026-02-24 19:00:00,-0.5971505
2026-02-24 20:00:00,-0.5376502
2026-02-24 21:00:00,-0.3238438
2026-02-24 22:00:00,-0.118610494
2026-02-24 23:00:00,0.03013342
2026-02-25 00:00:00,0.09652145
